Workbook
Name Slicer_Diabetes_Status: #N/A
Name Slicer_Weight_Status: #N/A

Sheet Customer Names
A1: Customer ID | B1: TITLE | C1: First Name | D1: Last NAME
A2: Id1 | B2: Hawks, Ms. Kelly | C2: Hawks | D2: Ms. Kelly
A3: Id2 | B3: Lehner, Mr. Matthew D | C3: Lehner | D3: Mr. Matthew D
A4: Id3 | B4: Lu, Mr. Phil | C4: Lu | D4: Mr. Phil
A5: Id4 | B5: Osborne, Ms. Kelsey | C5: Osborne | D5: Ms. Kelsey
A6: Id5 | B6: Kadala, Ms. Kristyn | C6: Kadala | D6: Ms. Kristyn
A7: Id6 | B7: Baker, Mr. Russell B. | C7: Baker | D7: Mr. Russell B.
A8: Id7 | B8: Macpherson, Mr. Scott | C8: Macpherson | D8: Mr. Scott
A9: Id8 | B9: Hallman, Mr. Stephen | C9: Hallman | D9: Mr. Stephen
A10: Id9 | B10: Moran, Mr. Patrick R. | C10: Moran | D10: Mr. Patrick R.
A11: Id10 | B11: Benner, Ms. Brooke N. | C11: Benner | D11: Ms. Brooke N.
A12: Id11 | B12: Fierro Vargas, Ms. Paola Andrea | C12: Fierro Vargas | D12: Ms. Paola Andrea
... A2336: Id2335 | B2336: German, Mr. Aaron K | C2336: German | D2336: Mr. Aaron K

Sheet MEDICAL EXAMINATION
A1: Customer ID | B1: BMI | C1: HBA1C | D1: Heart Issues | E1: Any Transplants | F1: Cancer history | G1: NumberOfMajorSurgeries | H1: smoker | I1: Weight Status | J1: Custom
A2: Id2262 | B2: 36.86 | C2: 11.95 | D2: No | E2: No | F2: No | G2: 0 | H2: No | I2: Obesity | J2: Diabetics
A3: Id353 | B3: 36.67 | C3: 10.21 | D3: No | E3: No | F3: No | G3: 0 | H3: No | I3: Obesity | J3: Diabetics
A4: Id366 | B4: 35.31 | C4: 9.04 | D4: No | E4: No | F4: No | G4: 0 | H4: No | I4: Obesity | J4: Diabetics
A5: Id378 | B5: 31.9 | C5: 11.89 | D5: No | E5: No | F5: No | G5: 0 | H5: No | I5: Obesity | J5: Diabetics
A6: Id385 | B6: 31.46 | C6: 7.39 | D6: No | E6: No | F6: No | G6: 0 | H6: No | I6: Obesity | J6: Diabetics
A7: Id393 | B7: 35.91 | C7: 8.71 | D7: No | E7: No | F7: No | G7: 0 | H7: No | I7: Obesity | J7: Diabetics
A8: Id425 | B8: 30.02 | C8: 11.09 | D8: No | E8: No | F8: No | G8: 0 | H8: No | I8: Obesity | J8: Diabetics
A9: Id464 | B9: 55.05 | C9: 7.66 | D9: No | E9: No | F9: No | G9: 0 | H9: No | I9: Obesity | J9: Diabetics
A10: Id481 | B10: 40.28 | C10: 8.9 | D10: No | E10: No | F10: No | G10: 0 | H10: No | I10: Obesity | J10: Diabetics
A11: Id485 | B11: 51.47 | C11: 9.6 | D11: No | E11: No | F11: No | G11: 0 | H11: No | I11: Obesity | J11: Diabetics
A12: Id487 | B12: 49.77 | C12: 7.02 | D12: No | E12: No | F12: No | G12: 0 | H12: No | I12: Obesity | J12: Diabetics
A13: Id529 | B13: 45.62 | C13: 6.87 | D13: No | E13: No | F13: No | G13: 0 | H13: No | I13: Obesity | J13: Diabetics
... A2336: Id2262 | B2336: 27.6 | C2336: 4.01 | D2336: No | E2336: No | F2336: Yes | G2336: 1 | H2336: No | I2336: Overweight | J2336: Normal

Sheet HOSPITALIZATION DETAILS
A1: Customer ID | B1: year | C1: month | D1: date | E1: children | F1: charges | G1: Hospital tier | H1: City tier | I1: State ID | J1: Date of Birth | K1: Age
A2: Id2335 | B2: 1992 | C2: Jul | D2: 9 | E2: 0 | F2: 563.84 | G2: tier - 2 | H2: tier - 3 | I2: R1013 | J2: 9-Jul-1992 | K2: 30
A3: Id2333 | B3: 1993 | C3: Jun | D3: 30 | E3: 0 | F3: 600 | G3: tier - 2 | H3: tier - 1 | I3: R1013 | J3: 30-Jun-1993 | K3: 29
A4: Id2331 | B4: 1998 | C4: Jul | D4: 27 | E4: 0 | F4: 637.26 | G4: tier - 3 | H4: tier - 3 | I4: R1013 | J4: 27-Jul-1998 | K4: 24
A5: Id2330 | B5: 2001 | C5: Nov | D5: 20 | E5: 0 | F5: 646.14 | G5: tier - 3 | H5: tier - 3 | I5: R1012 | J5: 20-Nov-2001 | K5: 21
A6: Id2328 | B6: 1995 | C6: Jul | D6: 4 | E6: 0 | F6: 650 | G6: tier - 3 | H6: tier - 3 | I6: R1013 | J6: 4-Jul-1995 | K6: 27
A7: Id2327 | B7: 2002 | C7: Nov | D7: 29 | E7: 0 | F7: 668 | G7: tier - 3 | H7: tier - 2 | I7: R1012 | J7: 29-Nov-2002 | K7: 20
A8: Id2326 | B8: 1997 | C8: Nov | D8: 9 | E8: 0 | F8: 670 | G8: tier - 3 | H8: tier - 3 | I8: R1013 | J8: 9-Nov-1997 | K8: 25
A9: Id2324 | B9: 1999 | C9: Dec | D9: 26 | E9: 0 | F9: 700 | G9: tier - 2 | H9: tier - 3 | I9: R1013 | J9: 26-Dec-1999 | K9: 23
A10: Id2320 | B10: 1996 | C10: Oct | D10: 22 | E10: 0 | F10: 760 | G10: tier - 3 | H10: tier - 3 | I10: R1013 | J10: 22-Oct-1996 | K10: 26
A11: Id2316 | B11: 2004 | C11: Oct | D11: 7 | E11: 0 | F11: 830.52 | G11: tier - 3 | H11: tier - 2 | I11: R1011 | J11: 7-Oct-2004 | K11: 18
A12: Id2315 | B12: 2000 | C12: Nov | D12: 18 | E12: 0 | F12: 865.41 | G12: tier - 3 | H12: tier - 1 | I12: R1013 | J12: 18-Nov-2000 | K12: 22
A13: Id2313 | B13: 1994 | C13: Oct | D13: 30 | E13: 0 | F13: 915.07 | G13: tier - 3 | H13: tier - 1 | I13: R1013 | J13: 30-Oct-1994 | K13: 28
... A48: Id738 | B48: 1958 | C48: Nov | D48: 25 | E48: 0 | F48: 13822.8 | G48: tier - 3 | H48: tier - 3 | I48: R1011 | J48: 25-Nov-1958 | K48: 64

Sheet Sheet2
A3: Count of Custemer ID | B3: Column Labels
A4: Row Labels | B4: No | C4: Yes | D4: Grand Total | G4: Row Labels | H4: Count of NumberOfMajorSurgeries | I4: Average of HBA1C | L4: Count of Charges | M4: Column Labels
A5: No | B5: 18 | C5: 7 | D5: 25 | G5: No | H5: 2191 | I5: 6.6704427 | L5: Row Labels | M5: Prediabetics | N5: Grand Total
A6: Yes | B6: 2 | C6: 1 | D6: 3 | G6: yes | H6: 144 | I6: 5.1876389 | L6: Norma lweight | M6: 28 | N6: 28
A7: Grand Total | B7: 20 | C7: 8 | D7: 28 | G7: Grand Total | H7: 2335 | I7: 6.5789979 | L7: Obesity | M7: 28 | N7: 28
L8: Overweight | M8: 28 | N8: 28
L9: Underweight | M9: 28 | N9: 28
L10: Grand Total | M10: 28 | N10: 28
A25: Count of Charges | B25: Column Labels
A26: Row Labels | B26: Hospital tier | C26: tier - 3 | D26: Grand Total
A27: R1013 | C27: 25 | D27: 25
A28: State ID | B28: 3 | D28: 3
A29: Grand Total | B29: 3 | C29: 25 | D29: 28

Sheet Health Care
A1: Custemer ID | B1: First Name | C1: BMI | D1: HBA1C | E1: Heart Issues | F1: Any Transplants | G1: Cancer History | H1: Number Of Surgeries | I1: Smoker | J1: Weight Status | K1: Diabetes Status | L1: Date Of Birth | M1: Charges | N1: Hospital Tier | O1: City Tier | P1: States ID | Q1: Age
A2: Id2262 | B2: =VLOOKUP(A2, 'Customer Names'!$A:$Z, 2, TRUE) -> Woldesilassie, Mr. Daniel | C2: =VLOOKUP(A2, 'MEDICAL EXAMINATION'!$A:$J, 2, FALSE) -> 36.86 | D2: =VLOOKUP(A2, 'MEDICAL EXAMINATION'!$A:$J, 3, FALSE) -> 11.95 | E2: =VLOOKUP(A2, 'MEDICAL EXAMINATION'!$A:$J, 4, FALSE) -> No | F2: =VLOOKUP(A2, 'MEDICAL EXAMINATION'!$A:$J, 5, FALSE) -> No | G2: No | H2: =VLOOKUP(A2, 'MEDICAL EXAMINATION'!$A:$J, 7, FALSE) -> 0 | I2: =VLOOKUP(A2, 'MEDICAL EXAMINATION'!$A:$J, 8, FALSE) -> No | J2: =VLOOKUP(A2, 'MEDICAL EXAMINATION'!$A:$J, 9, FALSE) -> Obesity | K2: =VLOOKUP(A2, 'MEDICAL EXAMINATION'!$A:$J, 10, FALSE) -> Diabetics | L2: =VLOOKUP(A2, 'HOSPITALIZATION DETAILS'!$A:$Z, 10, TRUE) -> 5-Sep-1964 | M2: =VLOOKUP(A2, 'HOSPITALIZATION DETAILS'!$A:$Z, 6, TRUE) -> 8268 | N2: =VLOOKUP(A2, 'HOSPITALIZATION DETAILS'!$A:$Z, 7, TRUE) -> tier - 3 | O2: =VLOOKUP(A2, 'HOSPITALIZATION DETAILS'!$A:$Z, 8, TRUE) -> tier - 3 | P2: =VLOOKUP(A2, 'HOSPITALIZATION DETAILS'!$A:$Z, 9, TRUE) -> R1013 | Q2: =VLOOKUP(A2, 'HOSPITALIZATION DETAILS'!$A:$Z, 11,TRUE) -> 58
A3: Id353 | B3: =VLOOKUP(A3, 'Customer Names'!$A:$Z, 2, TRUE) -> German, Mr. Aaron K | C3: =VLOOKUP(A3, 'MEDICAL EXAMINATION'!$A:$J, 2, FALSE) -> 36.67 | D3: =VLOOKUP(A3, 'MEDICAL EXAMINATION'!$A:$J, 3, FALSE) -> 10.21 | E3: =VLOOKUP(A3, 'MEDICAL EXAMINATION'!$A:$J, 4, FALSE) -> No | F3: =VLOOKUP(A3, 'MEDICAL EXAMINATION'!$A:$J, 5, FALSE) -> No | G3: =VLOOKUP(A3, 'MEDICAL EXAMINATION'!$A:$J, 6, FALSE) -> No | H3: =VLOOKUP(A3, 'MEDICAL EXAMINATION'!$A:$J, 7, FALSE) -> 0 | I3: =VLOOKUP(A3, 'MEDICAL EXAMINATION'!$A:$J, 8, FALSE) -> No | J3: =VLOOKUP(A3, 'MEDICAL EXAMINATION'!$A:$J, 9, FALSE) -> Obesity | K3: =VLOOKUP(A3, 'MEDICAL EXAMINATION'!$A:$J, 10, FALSE) -> Diabetics | L3: =VLOOKUP(A3, 'HOSPITALIZATION DETAILS'!$A:$Z, 10, TRUE) -> 5-Sep-1964 | M3: =VLOOKUP(A3, 'HOSPITALIZATION DETAILS'!$A:$Z, 6, TRUE) -> 8268 | N3: =VLOOKUP(A3, 'HOSPITALIZATION DETAILS'!$A:$Z, 7, TRUE) -> tier - 3 | O3: =VLOOKUP(A3, 'HOSPITALIZATION DETAILS'!$A:$Z, 8, TRUE) -> tier - 3 | P3: =VLOOKUP(A3, 'HOSPITALIZATION DETAILS'!$A:$Z, 9, TRUE) -> R1013 | Q3: =VLOOKUP(A3, 'HOSPITALIZATION DETAILS'!$A:$Z, 11,TRUE) -> 58
A4: Id366 | B4: =VLOOKUP(A4, 'Customer Names'!$A:$Z, 2, TRUE) -> German, Mr. Aaron K | C4: =VLOOKUP(A4, 'MEDICAL EXAMINATION'!$A:$J, 2, FALSE) -> 35.31 | D4: =VLOOKUP(A4, 'MEDICAL EXAMINATION'!$A:$J, 3, FALSE) -> 9.04 | E4: =VLOOKUP(A4, 'MEDICAL EXAMINATION'!$A:$J, 4, FALSE) -> No | F4: =VLOOKUP(A4, 'MEDICAL EXAMINATION'!$A:$J, 5, FALSE) -> No | G4: =VLOOKUP(A4, 'MEDICAL EXAMINATION'!$A:$J, 6, FALSE) -> No | H4: =VLOOKUP(A4, 'MEDICAL EXAMINATION'!$A:$J, 7, FALSE) -> 0 | I4: =VLOOKUP(A4, 'MEDICAL EXAMINATION'!$A:$J, 8, FALSE) -> No | J4: =VLOOKUP(A4, 'MEDICAL EXAMINATION'!$A:$J, 9, FALSE) -> Obesity | K4: =VLOOKUP(A4, 'MEDICAL EXAMINATION'!$A:$J, 10, FALSE) -> Diabetics | L4: =VLOOKUP(A4, 'HOSPITALIZATION DETAILS'!$A:$Z, 10, TRUE) -> 5-Sep-1964 | M4: =VLOOKUP(A4, 'HOSPITALIZATION DETAILS'!$A:$Z, 6, TRUE) -> 8268 | N4: =VLOOKUP(A4, 'HOSPITALIZATION DETAILS'!$A:$Z, 7, TRUE) -> tier - 3 | O4: =VLOOKUP(A4, 'HOSPITALIZATION DETAILS'!$A:$Z, 8, TRUE) -> tier - 3 | P4: =VLOOKUP(A4, 'HOSPITALIZATION DETAILS'!$A:$Z, 9, TRUE) -> R1013 | Q4: =VLOOKUP(A4, 'HOSPITALIZATION DETAILS'!$A:$Z, 11,TRUE) -> 58
A5: Id378 | B5: =VLOOKUP(A5, 'Customer Names'!$A:$Z, 2, TRUE) -> German, Mr. Aaron K | C5: =VLOOKUP(A5, 'MEDICAL EXAMINATION'!$A:$J, 2, FALSE) -> 31.9 | D5: =VLOOKUP(A5, 'MEDICAL EXAMINATION'!$A:$J, 3, FALSE) -> 11.89 | E5: =VLOOKUP(A5, 'MEDICAL EXAMINATION'!$A:$J, 4, FALSE) -> No | F5: =VLOOKUP(A5, 'MEDICAL EXAMINATION'!$A:$J, 5, FALSE) -> No | G5: =VLOOKUP(A5, 'MEDICAL EXAMINATION'!$A:$J, 6, FALSE) -> No | H5: =VLOOKUP(A5, 'MEDICAL EXAMINATION'!$A:$J, 7, FALSE) -> 0 | I5: =VLOOKUP(A5, 'MEDICAL EXAMINATION'!$A:$J, 8, FALSE) -> No | J5: =VLOOKUP(A5, 'MEDICAL EXAMINATION'!$A:$J, 9, FALSE) -> Obesity | K5: =VLOOKUP(A5, 'MEDICAL EXAMINATION'!$A:$J, 10, FALSE) -> Diabetics | L5: =VLOOKUP(A5, 'HOSPITALIZATION DETAILS'!$A:$Z, 10, TRUE) -> 5-Sep-1964 | M5: =VLOOKUP(A5, 'HOSPITALIZATION DETAILS'!$A:$Z, 6, TRUE) -> 8268 | N5: =VLOOKUP(A5, 'HOSPITALIZATION DETAILS'!$A:$Z, 7, TRUE) -> tier - 3 | O5: =VLOOKUP(A5, 'HOSPITALIZATION DETAILS'!$A:$Z, 8, TRUE) -> tier - 3 | P5: =VLOOKUP(A5, 'HOSPITALIZATION DETAILS'!$A:$Z, 9, TRUE) -> R1013 | Q5: =VLOOKUP(A5, 'HOSPITALIZATION DETAILS'!$A:$Z, 11,TRUE) -> 58
A6: Id385 | B6: =VLOOKUP(A6, 'Customer Names'!$A:$Z, 2, TRUE) -> German, Mr. Aaron K | C6: =VLOOKUP(A6, 'MEDICAL EXAMINATION'!$A:$J, 2, FALSE) -> 31.46 | D6: =VLOOKUP(A6, 'MEDICAL EXAMINATION'!$A:$J, 3, FALSE) -> 7.39 | E6: =VLOOKUP(A6, 'MEDICAL EXAMINATION'!$A:$J, 4, FALSE) -> No | F6: =VLOOKUP(A6, 'MEDICAL EXAMINATION'!$A:$J, 5, FALSE) -> No | G6: =VLOOKUP(A6, 'MEDICAL EXAMINATION'!$A:$J, 6, FALSE) -> No | H6: =VLOOKUP(A6, 'MEDICAL EXAMINATION'!$A:$J, 7, FALSE) -> 0 | I6: =VLOOKUP(A6, 'MEDICAL EXAMINATION'!$A:$J, 8, FALSE) -> No | J6: =VLOOKUP(A6, 'MEDICAL EXAMINATION'!$A:$J, 9, FALSE) -> Obesity | K6: =VLOOKUP(A6, 'MEDICAL EXAMINATION'!$A:$J, 10, FALSE) -> Diabetics | L6: =VLOOKUP(A6, 'HOSPITALIZATION DETAILS'!$A:$Z, 10, TRUE) -> 5-Sep-1964 | M6: =VLOOKUP(A6, 'HOSPITALIZATION DETAILS'!$A:$Z, 6, TRUE) -> 8268 | N6: =VLOOKUP(A6, 'HOSPITALIZATION DETAILS'!$A:$Z, 7, TRUE) -> tier - 3 | O6: =VLOOKUP(A6, 'HOSPITALIZATION DETAILS'!$A:$Z, 8, TRUE) -> tier - 3 | P6: =VLOOKUP(A6, 'HOSPITALIZATION DETAILS'!$A:$Z, 9, TRUE) -> R1013 | Q6: =VLOOKUP(A6, 'HOSPITALIZATION DETAILS'!$A:$Z, 11,TRUE) -> 58
A7: Id393 | B7: =VLOOKUP(A7, 'Customer Names'!$A:$Z, 2, TRUE) -> German, Mr. Aaron K | C7: =VLOOKUP(A7, 'MEDICAL EXAMINATION'!$A:$J, 2, FALSE) -> 35.91 | D7: =VLOOKUP(A7, 'MEDICAL EXAMINATION'!$A:$J, 3, FALSE) -> 8.71 | E7: =VLOOKUP(A7, 'MEDICAL EXAMINATION'!$A:$J, 4, FALSE) -> No | F7: =VLOOKUP(A7, 'MEDICAL EXAMINATION'!$A:$J, 5, FALSE) -> No | G7: =VLOOKUP(A7, 'MEDICAL EXAMINATION'!$A:$J, 6, FALSE) -> No | H7: =VLOOKUP(A7, 'MEDICAL EXAMINATION'!$A:$J, 7, FALSE) -> 0 | I7: =VLOOKUP(A7, 'MEDICAL EXAMINATION'!$A:$J, 8, FALSE) -> No | J7: =VLOOKUP(A7, 'MEDICAL EXAMINATION'!$A:$J, 9, FALSE) -> Obesity | K7: =VLOOKUP(A7, 'MEDICAL EXAMINATION'!$A:$J, 10, FALSE) -> Diabetics | L7: =VLOOKUP(A7, 'HOSPITALIZATION DETAILS'!$A:$Z, 10, TRUE) -> 5-Sep-1964 | M7: =VLOOKUP(A7, 'HOSPITALIZATION DETAILS'!$A:$Z, 6, TRUE) -> 8268 | N7: =VLOOKUP(A7, 'HOSPITALIZATION DETAILS'!$A:$Z, 7, TRUE) -> tier - 3 | O7: =VLOOKUP(A7, 'HOSPITALIZATION DETAILS'!$A:$Z, 8, TRUE) -> tier - 3 | P7: =VLOOKUP(A7, 'HOSPITALIZATION DETAILS'!$A:$Z, 9, TRUE) -> R1013 | Q7: =VLOOKUP(A7, 'HOSPITALIZATION DETAILS'!$A:$Z, 11,TRUE) -> 58
A8: Id425 | B8: =VLOOKUP(A8, 'Customer Names'!$A:$Z, 2, TRUE) -> German, Mr. Aaron K | C8: =VLOOKUP(A8, 'MEDICAL EXAMINATION'!$A:$J, 2, FALSE) -> 30.02 | D8: =VLOOKUP(A8, 'MEDICAL EXAMINATION'!$A:$J, 3, FALSE) -> 11.09 | E8: =VLOOKUP(A8, 'MEDICAL EXAMINATION'!$A:$J, 4, FALSE) -> No | F8: =VLOOKUP(A8, 'MEDICAL EXAMINATION'!$A:$J, 5, FALSE) -> No | G8: =VLOOKUP(A8, 'MEDICAL EXAMINATION'!$A:$J, 6, FALSE) -> No | H8: =VLOOKUP(A8, 'MEDICAL EXAMINATION'!$A:$J, 7, FALSE) -> 0 | I8: =VLOOKUP(A8, 'MEDICAL EXAMINATION'!$A:$J, 8, FALSE) -> No | J8: =VLOOKUP(A8, 'MEDICAL EXAMINATION'!$A:$J, 9, FALSE) -> Obesity | K8: =VLOOKUP(A8, 'MEDICAL EXAMINATION'!$A:$J, 10, FALSE) -> Diabetics | L8: =VLOOKUP(A8, 'HOSPITALIZATION DETAILS'!$A:$Z, 10, TRUE) -> 5-Sep-1964 | M8: =VLOOKUP(A8, 'HOSPITALIZATION DETAILS'!$A:$Z, 6, TRUE) -> 8268 | N8: =VLOOKUP(A8, 'HOSPITALIZATION DETAILS'!$A:$Z, 7, TRUE) -> tier - 3 | O8: =VLOOKUP(A8, 'HOSPITALIZATION DETAILS'!$A:$Z, 8, TRUE) -> tier - 3 | P8: =VLOOKUP(A8, 'HOSPITALIZATION DETAILS'!$A:$Z, 9, TRUE) -> R1013 | Q8: =VLOOKUP(A8, 'HOSPITALIZATION DETAILS'!$A:$Z, 11,TRUE) -> 58
A9: Id464 | B9: =VLOOKUP(A9, 'Customer Names'!$A:$Z, 2, TRUE) -> German, Mr. Aaron K | C9: =VLOOKUP(A9, 'MEDICAL EXAMINATION'!$A:$J, 2, FALSE) -> 55.05 | D9: =VLOOKUP(A9, 'MEDICAL EXAMINATION'!$A:$J, 3, FALSE) -> 7.66 | E9: =VLOOKUP(A9, 'MEDICAL EXAMINATION'!$A:$J, 4, FALSE) -> No | F9: =VLOOKUP(A9, 'MEDICAL EXAMINATION'!$A:$J, 5, FALSE) -> No | G9: =VLOOKUP(A9, 'MEDICAL EXAMINATION'!$A:$J, 6, FALSE) -> No | H9: =VLOOKUP(A9, 'MEDICAL EXAMINATION'!$A:$J, 7, FALSE) -> 0 | I9: =VLOOKUP(A9, 'MEDICAL EXAMINATION'!$A:$J, 8, FALSE) -> No | J9: =VLOOKUP(A9, 'MEDICAL EXAMINATION'!$A:$J, 9, FALSE) -> Obesity | K9: =VLOOKUP(A9, 'MEDICAL EXAMINATION'!$A:$J, 10, FALSE) -> Diabetics | L9: =VLOOKUP(A9, 'HOSPITALIZATION DETAILS'!$A:$Z, 10, TRUE) -> 5-Sep-1964 | M9: =VLOOKUP(A9, 'HOSPITALIZATION DETAILS'!$A:$Z, 6, TRUE) -> 8268 | N9: =VLOOKUP(A9, 'HOSPITALIZATION DETAILS'!$A:$Z, 7, TRUE) -> tier - 3 | O9: =VLOOKUP(A9, 'HOSPITALIZATION DETAILS'!$A:$Z, 8, TRUE) -> tier - 3 | P9: =VLOOKUP(A9, 'HOSPITALIZATION DETAILS'!$A:$Z, 9, TRUE) -> R1013 | Q9: =VLOOKUP(A9, 'HOSPITALIZATION DETAILS'!$A:$Z, 11,TRUE) -> 58
A10: Id481 | B10: =VLOOKUP(A10, 'Customer Names'!$A:$Z, 2, TRUE) -> German, Mr. Aaron K | C10: =VLOOKUP(A10, 'MEDICAL EXAMINATION'!$A:$J, 2, FALSE) -> 40.28 | D10: =VLOOKUP(A10, 'MEDICAL EXAMINATION'!$A:$J, 3, FALSE) -> 8.9 | E10: =VLOOKUP(A10, 'MEDICAL EXAMINATION'!$A:$J, 4, FALSE) -> No | F10: =VLOOKUP(A10, 'MEDICAL EXAMINATION'!$A:$J, 5, FALSE) -> No | G10: =VLOOKUP(A10, 'MEDICAL EXAMINATION'!$A:$J, 6, FALSE) -> No | H10: =VLOOKUP(A10, 'MEDICAL EXAMINATION'!$A:$J, 7, FALSE) -> 0 | I10: =VLOOKUP(A10, 'MEDICAL EXAMINATION'!$A:$J, 8, FALSE) -> No | J10: =VLOOKUP(A10, 'MEDICAL EXAMINATION'!$A:$J, 9, FALSE) -> Obesity | K10: =VLOOKUP(A10, 'MEDICAL EXAMINATION'!$A:$J, 10, FALSE) -> Diabetics | L10: =VLOOKUP(A10, 'HOSPITALIZATION DETAILS'!$A:$Z, 10, TRUE) -> 5-Sep-1964 | M10: =VLOOKUP(A10, 'HOSPITALIZATION DETAILS'!$A:$Z, 6, TRUE) -> 8268 | N10: =VLOOKUP(A10, 'HOSPITALIZATION DETAILS'!$A:$Z, 7, TRUE) -> tier - 3 | O10: =VLOOKUP(A10, 'HOSPITALIZATION DETAILS'!$A:$Z, 8, TRUE) -> tier - 3 | P10: =VLOOKUP(A10, 'HOSPITALIZATION DETAILS'!$A:$Z, 9, TRUE) -> R1013 | Q10: =VLOOKUP(A10, 'HOSPITALIZATION DETAILS'!$A:$Z, 11,TRUE) -> 58
A11: Id485 | B11: =VLOOKUP(A11, 'Customer Names'!$A:$Z, 2, TRUE) -> German, Mr. Aaron K | C11: =VLOOKUP(A11, 'MEDICAL EXAMINATION'!$A:$J, 2, FALSE) -> 51.47 | D11: =VLOOKUP(A11, 'MEDICAL EXAMINATION'!$A:$J, 3, FALSE) -> 9.6 | E11: =VLOOKUP(A11, 'MEDICAL EXAMINATION'!$A:$J, 4, FALSE) -> No | F11: =VLOOKUP(A11, 'MEDICAL EXAMINATION'!$A:$J, 5, FALSE) -> No | G11: =VLOOKUP(A11, 'MEDICAL EXAMINATION'!$A:$J, 6, FALSE) -> No | H11: =VLOOKUP(A11, 'MEDICAL EXAMINATION'!$A:$J, 7, FALSE) -> 0 | I11: =VLOOKUP(A11, 'MEDICAL EXAMINATION'!$A:$J, 8, FALSE) -> No | J11: =VLOOKUP(A11, 'MEDICAL EXAMINATION'!$A:$J, 9, FALSE) -> Obesity | K11: =VLOOKUP(A11, 'MEDICAL EXAMINATION'!$A:$J, 10, FALSE) -> Diabetics | L11: =VLOOKUP(A11, 'HOSPITALIZATION DETAILS'!$A:$Z, 10, TRUE) -> 5-Sep-1964 | M11: =VLOOKUP(A11, 'HOSPITALIZATION DETAILS'!$A:$Z, 6, TRUE) -> 8268 | N11: =VLOOKUP(A11, 'HOSPITALIZATION DETAILS'!$A:$Z, 7, TRUE) -> tier - 3 | O11: =VLOOKUP(A11, 'HOSPITALIZATION DETAILS'!$A:$Z, 8, TRUE) -> tier - 3 | P11: =VLOOKUP(A11, 'HOSPITALIZATION DETAILS'!$A:$Z, 9, TRUE) -> R1013 | Q11: =VLOOKUP(A11, 'HOSPITALIZATION DETAILS'!$A:$Z, 11,TRUE) -> 58
A12: Id487 | B12: =VLOOKUP(A12, 'Customer Names'!$A:$Z, 2, TRUE) -> German, Mr. Aaron K | C12: =VLOOKUP(A12, 'MEDICAL EXAMINATION'!$A:$J, 2, FALSE) -> 49.77 | D12: =VLOOKUP(A12, 'MEDICAL EXAMINATION'!$A:$J, 3, FALSE) -> 7.02 | E12: =VLOOKUP(A12, 'MEDICAL EXAMINATION'!$A:$J, 4, FALSE) -> No | F12: =VLOOKUP(A12, 'MEDICAL EXAMINATION'!$A:$J, 5, FALSE) -> No | G12: =VLOOKUP(A12, 'MEDICAL EXAMINATION'!$A:$J, 6, FALSE) -> No | H12: =VLOOKUP(A12, 'MEDICAL EXAMINATION'!$A:$J, 7, FALSE) -> 0 | I12: =VLOOKUP(A12, 'MEDICAL EXAMINATION'!$A:$J, 8, FALSE) -> No | J12: =VLOOKUP(A12, 'MEDICAL EXAMINATION'!$A:$J, 9, FALSE) -> Obesity | K12: =VLOOKUP(A12, 'MEDICAL EXAMINATION'!$A:$J, 10, FALSE) -> Diabetics | L12: =VLOOKUP(A12, 'HOSPITALIZATION DETAILS'!$A:$Z, 10, TRUE) -> 5-Sep-1964 | M12: =VLOOKUP(A12, 'HOSPITALIZATION DETAILS'!$A:$Z, 6, TRUE) -> 8268 | N12: =VLOOKUP(A12, 'HOSPITALIZATION DETAILS'!$A:$Z, 7, TRUE) -> tier - 3 | O12: =VLOOKUP(A12, 'HOSPITALIZATION DETAILS'!$A:$Z, 8, TRUE) -> tier - 3 | P12: =VLOOKUP(A12, 'HOSPITALIZATION DETAILS'!$A:$Z, 9, TRUE) -> R1013 | Q12: =VLOOKUP(A12, 'HOSPITALIZATION DETAILS'!$A:$Z, 11,TRUE) -> 58
A13: Id529 | B13: =VLOOKUP(A13, 'Customer Names'!$A:$Z, 2, TRUE) -> German, Mr. Aaron K | C13: =VLOOKUP(A13, 'MEDICAL EXAMINATION'!$A:$J, 2, FALSE) -> 45.62 | D13: =VLOOKUP(A13, 'MEDICAL EXAMINATION'!$A:$J, 3, FALSE) -> 6.87 | E13: =VLOOKUP(A13, 'MEDICAL EXAMINATION'!$A:$J, 4, FALSE) -> No | F13: =VLOOKUP(A13, 'MEDICAL EXAMINATION'!$A:$J, 5, FALSE) -> No | G13: =VLOOKUP(A13, 'MEDICAL EXAMINATION'!$A:$J, 6, FALSE) -> No | H13: =VLOOKUP(A13, 'MEDICAL EXAMINATION'!$A:$J, 7, FALSE) -> 0 | I13: =VLOOKUP(A13, 'MEDICAL EXAMINATION'!$A:$J, 8, FALSE) -> No | J13: =VLOOKUP(A13, 'MEDICAL EXAMINATION'!$A:$J, 9, FALSE) -> Obesity | K13: =VLOOKUP(A13, 'MEDICAL EXAMINATION'!$A:$J, 10, FALSE) -> Diabetics | L13: =VLOOKUP(A13, 'HOSPITALIZATION DETAILS'!$A:$Z, 10, TRUE) -> 5-Sep-1964 | M13: =VLOOKUP(A13, 'HOSPITALIZATION DETAILS'!$A:$Z, 6, TRUE) -> 8268 | N13: =VLOOKUP(A13, 'HOSPITALIZATION DETAILS'!$A:$Z, 7, TRUE) -> tier - 3 | O13: =VLOOKUP(A13, 'HOSPITALIZATION DETAILS'!$A:$Z, 8, TRUE) -> tier - 3 | P13: =VLOOKUP(A13, 'HOSPITALIZATION DETAILS'!$A:$Z, 9, TRUE) -> R1013 | Q13: =VLOOKUP(A13, 'HOSPITALIZATION DETAILS'!$A:$Z, 11,TRUE) -> 58
A14: Id548 | B14: =VLOOKUP(A14, 'Customer Names'!$A:$Z, 2, TRUE) -> German, Mr. Aaron K | C14: =VLOOKUP(A14, 'MEDICAL EXAMINATION'!$A:$J, 2, FALSE) -> 46.62 | D14: =VLOOKUP(A14, 'MEDICAL EXAMINATION'!$A:$J, 3, FALSE) -> 8.51 | E14: =VLOOKUP(A14, 'MEDICAL EXAMINATION'!$A:$J, 4, FALSE) -> No | F14: =VLOOKUP(A14, 'MEDICAL EXAMINATION'!$A:$J, 5, FALSE) -> No | G14: =VLOOKUP(A14, 'MEDICAL EXAMINATION'!$A:$J, 6, FALSE) -> No | H14: =VLOOKUP(A14, 'MEDICAL EXAMINATION'!$A:$J, 7, FALSE) -> 0 | I14: =VLOOKUP(A14, 'MEDICAL EXAMINATION'!$A:$J, 8, FALSE) -> No | J14: =VLOOKUP(A14, 'MEDICAL EXAMINATION'!$A:$J, 9, FALSE) -> Obesity | K14: =VLOOKUP(A14, 'MEDICAL EXAMINATION'!$A:$J, 10, FALSE) -> Diabetics | L14: =VLOOKUP(A14, 'HOSPITALIZATION DETAILS'!$A:$Z, 10, TRUE) -> 5-Sep-1964 | M14: =VLOOKUP(A14, 'HOSPITALIZATION DETAILS'!$A:$Z, 6, TRUE) -> 8268 | N14: =VLOOKUP(A14, 'HOSPITALIZATION DETAILS'!$A:$Z, 7, TRUE) -> tier - 3 | O14: =VLOOKUP(A14, 'HOSPITALIZATION DETAILS'!$A:$Z, 8, TRUE) -> tier - 3 | P14: =VLOOKUP(A14, 'HOSPITALIZATION DETAILS'!$A:$Z, 9, TRUE) -> R1013 | Q14: =VLOOKUP(A14, 'HOSPITALIZATION DETAILS'!$A:$Z, 11,TRUE) -> 58
... A2292: Id1567 | B2292: =VLOOKUP(A2292, 'Customer Names'!$A:$Z, 2, TRUE) -> Lea, Ms. Caroline | C2292: =VLOOKUP(A2292, 'MEDICAL EXAMINATION'!$A:$J, 2, FALSE) -> 27.7 | D2292: =VLOOKUP(A2292, 'MEDICAL EXAMINATION'!$A:$J, 3, FALSE) -> 4.71 | E2292: =VLOOKUP(A2292, 'MEDICAL EXAMINATION'!$A:$J, 4, FALSE) -> No | F2292: =VLOOKUP(A2292, 'MEDICAL EXAMINATION'!$A:$J, 5, FALSE) -> No | G2292: =VLOOKUP(A2292, 'MEDICAL EXAMINATION'!$A:$J, 6, FALSE) -> No | H2292: =VLOOKUP(A2292, 'MEDICAL EXAMINATION'!$A:$J, 7, FALSE) -> 1 | I2292: =VLOOKUP(A2292, 'MEDICAL EXAMINATION'!$A:$J, 8, FALSE) -> No | J2292: =VLOOKUP(A2292, 'MEDICAL EXAMINATION'!$A:$J, 9, FALSE) -> Overweight | K2292: =VLOOKUP(A2292, 'MEDICAL EXAMINATION'!$A:$J, 10, FALSE) -> Normal | L2292: =VLOOKUP(A2292, 'HOSPITALIZATION DETAILS'!$A:$Z, 10, TRUE) -> Date of Birth | M2292: =VLOOKUP(A2292, 'HOSPITALIZATION DETAILS'!$A:$Z, 6, TRUE) -> charges | N2292: =VLOOKUP(A2292, 'HOSPITALIZATION DETAILS'!$A:$Z, 7, TRUE) -> Hospital tier | O2292: =VLOOKUP(A2292, 'HOSPITALIZATION DETAILS'!$A:$Z, 8, TRUE) -> City tier | P2292: =VLOOKUP(A2292, 'HOSPITALIZATION DETAILS'!$A:$Z, 9, TRUE) -> State ID | Q2292: =VLOOKUP(A2292, 'HOSPITALIZATION DETAILS'!$A:$Z, 11,TRUE) -> Age
A2293: Id1611 | B2293: =VLOOKUP(A2293, 'Customer Names'!$A:$Z, 2, TRUE) -> Hotze, Ms. Jenna M | C2293: =VLOOKUP(A2293, 'MEDICAL EXAMINATION'!$A:$J, 2, FALSE) -> 29.26 | D2293: =VLOOKUP(A2293, 'MEDICAL EXAMINATION'!$A:$J, 3, FALSE) -> 5.68 | E2293: =VLOOKUP(A2293, 'MEDICAL EXAMINATION'!$A:$J, 4, FALSE) -> Yes | F2293: =VLOOKUP(A2293, 'MEDICAL EXAMINATION'!$A:$J, 5, FALSE) -> No | G2293: =VLOOKUP(A2293, 'MEDICAL EXAMINATION'!$A:$J, 6, FALSE) -> No | H2293: =VLOOKUP(A2293, 'MEDICAL EXAMINATION'!$A:$J, 7, FALSE) -> 1 | I2293: =VLOOKUP(A2293, 'MEDICAL EXAMINATION'!$A:$J, 8, FALSE) -> No | J2293: =VLOOKUP(A2293, 'MEDICAL EXAMINATION'!$A:$J, 9, FALSE) -> Overweight | K2293: =VLOOKUP(A2293, 'MEDICAL EXAMINATION'!$A:$J, 10, FALSE) -> Normal | L2293: =VLOOKUP(A2293, 'HOSPITALIZATION DETAILS'!$A:$Z, 10, TRUE) -> Date of Birth | M2293: =VLOOKUP(A2293, 'HOSPITALIZATION DETAILS'!$A:$Z, 6, TRUE) -> charges | N2293: =VLOOKUP(A2293, 'HOSPITALIZATION DETAILS'!$A:$Z, 7,TRUE ) -> Hospital tier | O2293: =VLOOKUP(A2293, 'HOSPITALIZATION DETAILS'!$A:$Z, 8, TRUE) -> City tier | P2293: =VLOOKUP(A2293, 'HOSPITALIZATION DETAILS'!$A:$Z, 9, TRUE) -> State ID | Q2293: =VLOOKUP(A2293, 'HOSPITALIZATION DETAILS'!$A:$Z, 11,TRUE) -> Age
A2294: Id1622 | B2294: =VLOOKUP(A2294, 'Customer Names'!$A:$Z, 2, TRUE) -> Tissue, Mr. Jeffrey | C2294: =VLOOKUP(A2294, 'MEDICAL EXAMINATION'!$A:$J, 2, FALSE) -> 26.22 | D2294: =VLOOKUP(A2294, 'MEDICAL EXAMINATION'!$A:$J, 3, FALSE) -> 5.57 | E2294: =VLOOKUP(A2294, 'MEDICAL EXAMINATION'!$A:$J, 4, FALSE) -> Yes | F2294: =VLOOKUP(A2294, 'MEDICAL EXAMINATION'!$A:$J, 5, FALSE) -> No | G2294: =VLOOKUP(A2294, 'MEDICAL EXAMINATION'!$A:$J, 6, FALSE) -> Yes | H2294: =VLOOKUP(A2294, 'MEDICAL EXAMINATION'!$A:$J, 7, FALSE) -> 1 | I2294: =VLOOKUP(A2294, 'MEDICAL EXAMINATION'!$A:$J, 8, FALSE) -> No | J2294: =VLOOKUP(A2294, 'MEDICAL EXAMINATION'!$A:$J, 9, FALSE) -> Overweight | K2294: =VLOOKUP(A2294, 'MEDICAL EXAMINATION'!$A:$J, 10, FALSE) -> Normal | L2294: =VLOOKUP(A2294, 'HOSPITALIZATION DETAILS'!$A:$Z, 10, TRUE) -> Date of Birth | M2294: =VLOOKUP(A2294, 'HOSPITALIZATION DETAILS'!$A:$Z, 6, TRUE) -> charges | N2294: =VLOOKUP(A2294, 'HOSPITALIZATION DETAILS'!$A:$Z, 7, TRUE) -> Hospital tier | O2294: =VLOOKUP(A2294, 'HOSPITALIZATION DETAILS'!$A:$Z, 8, TRUE) -> City tier | P2294: =VLOOKUP(A2294, 'HOSPITALIZATION DETAILS'!$A:$Z, 9, TRUE) -> State ID | Q2294: =VLOOKUP(A2294, 'HOSPITALIZATION DETAILS'!$A:$Z, 11,TRUE) -> Age
A2295: Id1631 | B2295: =VLOOKUP(A2295, 'Customer Names'!$A:$Z, 2, TRUE) -> Dawes, Mr. Chris | C2295: =VLOOKUP(A2295, 'MEDICAL EXAMINATION'!$A:$J, 2, FALSE) -> 28.025 | D2295: =VLOOKUP(A2295, 'MEDICAL EXAMINATION'!$A:$J, 3, FALSE) -> 5 | E2295: =VLOOKUP(A2295, 'MEDICAL EXAMINATION'!$A:$J, 4, FALSE) -> No | F2295: =VLOOKUP(A2295, 'MEDICAL EXAMINATION'!$A:$J, 5, FALSE) -> No | G2295: =VLOOKUP(A2295, 'MEDICAL EXAMINATION'!$A:$J, 6, FALSE) -> No | H2295: =VLOOKUP(A2295, 'MEDICAL EXAMINATION'!$A:$J, 7, FALSE) -> 1 | I2295: =VLOOKUP(A2295, 'MEDICAL EXAMINATION'!$A:$J, 8, FALSE) -> No | J2295: =VLOOKUP(A2295, 'MEDICAL EXAMINATION'!$A:$J, 9, FALSE) -> Overweight | K2295: =VLOOKUP(A2295, 'MEDICAL EXAMINATION'!$A:$J, 10, FALSE) -> Normal | L2295: =VLOOKUP(A2295, 'HOSPITALIZATION DETAILS'!$A:$Z, 10, TRUE) -> Date of Birth | M2295: =VLOOKUP(A2295, 'HOSPITALIZATION DETAILS'!$A:$Z, 6, TRUE) -> charges | N2295: =VLOOKUP(A2295, 'HOSPITALIZATION DETAILS'!$A:$Z, 7, TRUE) -> Hospital tier | O2295: =VLOOKUP(A2295, 'HOSPITALIZATION DETAILS'!$A:$Z, 8, TRUE) -> City tier | P2295: =VLOOKUP(A2295, 'HOSPITALIZATION DETAILS'!$A:$Z, 9, TRUE) -> State ID | Q2295: =VLOOKUP(A2295, 'HOSPITALIZATION DETAILS'!$A:$Z, 11,TRUE) -> Age
A2296: Id1642 | B2296: =VLOOKUP(A2296, 'Customer Names'!$A:$Z, 2, TRUE) -> Yang, Ms. Carolyn | C2296: =VLOOKUP(A2296, 'MEDICAL EXAMINATION'!$A:$J, 2, FALSE) -> 28.93 | D2296: =VLOOKUP(A2296, 'MEDICAL EXAMINATION'!$A:$J, 3, FALSE) -> 4.87 | E2296: =VLOOKUP(A2296, 'MEDICAL EXAMINATION'!$A:$J, 4, FALSE) -> No | F2296: =VLOOKUP(A2296, 'MEDICAL EXAMINATION'!$A:$J, 5, FALSE) -> No | G2296: =VLOOKUP(A2296, 'MEDICAL EXAMINATION'!$A:$J, 6, FALSE) -> No | H2296: =VLOOKUP(A2296, 'MEDICAL EXAMINATION'!$A:$J, 7, FALSE) -> 1 | I2296: =VLOOKUP(A2296, 'MEDICAL EXAMINATION'!$A:$J, 8, FALSE) -> No | J2296: =VLOOKUP(A2296, 'MEDICAL EXAMINATION'!$A:$J, 9, FALSE) -> Overweight | K2296: =VLOOKUP(A2296, 'MEDICAL EXAMINATION'!$A:$J, 10, FALSE) -> Normal | L2296: =VLOOKUP(A2296, 'HOSPITALIZATION DETAILS'!$A:$Z, 10, TRUE) -> Date of Birth | M2296: =VLOOKUP(A2296, 'HOSPITALIZATION DETAILS'!$A:$Z, 6, TRUE) -> charges | N2296: =VLOOKUP(A2296, 'HOSPITALIZATION DETAILS'!$A:$Z, 7, TRUE) -> Hospital tier | O2296: =VLOOKUP(A2296, 'HOSPITALIZATION DETAILS'!$A:$Z, 8, TRUE) -> City tier | P2296: =VLOOKUP(A2296, 'HOSPITALIZATION DETAILS'!$A:$Z, 9, TRUE) -> State ID | Q2296: =VLOOKUP(A2296, 'HOSPITALIZATION DETAILS'!$A:$Z, 11,TRUE) -> Age
A2297: Id1651 | B2297: =VLOOKUP(A2297, 'Customer Names'!$A:$Z, 2, TRUE) -> Engtrakul, Mr. Chaiwat | C2297: =VLOOKUP(A2297, 'MEDICAL EXAMINATION'!$A:$J, 2, FALSE) -> 28.9 | D2297: =VLOOKUP(A2297, 'MEDICAL EXAMINATION'!$A:$J, 3, FALSE) -> 5.36 | E2297: =VLOOKUP(A2297, 'MEDICAL EXAMINATION'!$A:$J, 4, FALSE) -> No | F2297: =VLOOKUP(A2297, 'MEDICAL EXAMINATION'!$A:$J, 5, FALSE) -> No | G2297: =VLOOKUP(A2297, 'MEDICAL EXAMINATION'!$A:$J, 6, FALSE) -> No | H2297: =VLOOKUP(A2297, 'MEDICAL EXAMINATION'!$A:$J, 7, FALSE) -> 1 | I2297: =VLOOKUP(A2297, 'MEDICAL EXAMINATION'!$A:$J, 8, FALSE) -> No | J2297: =VLOOKUP(A2297, 'MEDICAL EXAMINATION'!$A:$J, 9, FALSE) -> Overweight | K2297: =VLOOKUP(A2297, 'MEDICAL EXAMINATION'!$A:$J, 10, FALSE) -> Normal | L2297: =VLOOKUP(A2297, 'HOSPITALIZATION DETAILS'!$A:$Z, 10, TRUE) -> Date of Birth | M2297: =VLOOKUP(A2297, 'HOSPITALIZATION DETAILS'!$A:$Z, 6, TRUE) -> charges | N2297: =VLOOKUP(A2297, 'HOSPITALIZATION DETAILS'!$A:$Z, 7, TRUE) -> Hospital tier | O2297: =VLOOKUP(A2297, 'HOSPITALIZATION DETAILS'!$A:$Z, 8, TRUE) -> City tier | P2297: =VLOOKUP(A2297, 'HOSPITALIZATION DETAILS'!$A:$Z, 9, TRUE) -> State ID | Q2297: =VLOOKUP(A2297, 'HOSPITALIZATION DETAILS'!$A:$Z, 11,TRUE) -> Age
A2298: Id1693 | B2298: =VLOOKUP(A2298, 'Customer Names'!$A:$Z, 2, TRUE) -> Adams, Mr. Randall | C2298: =VLOOKUP(A2298, 'MEDICAL EXAMINATION'!$A:$J, 2, FALSE) -> 28.27 | D2298: =VLOOKUP(A2298, 'MEDICAL EXAMINATION'!$A:$J, 3, FALSE) -> 4.62 | E2298: =VLOOKUP(A2298, 'MEDICAL EXAMINATION'!$A:$J, 4, FALSE) -> No | F2298: =VLOOKUP(A2298, 'MEDICAL EXAMINATION'!$A:$J, 5, FALSE) -> No | G2298: =VLOOKUP(A2298, 'MEDICAL EXAMINATION'!$A:$J, 6, FALSE) -> No | H2298: =VLOOKUP(A2298, 'MEDICAL EXAMINATION'!$A:$J, 7, FALSE) -> 1 | I2298: =VLOOKUP(A2298, 'MEDICAL EXAMINATION'!$A:$J, 8, FALSE) -> No | J2298: =VLOOKUP(A2298, 'MEDICAL EXAMINATION'!$A:$J, 9, FALSE) -> Overweight | K2298: =VLOOKUP(A2298, 'MEDICAL EXAMINATION'!$A:$J, 10, FALSE) -> Normal | L2298: =VLOOKUP(A2298, 'HOSPITALIZATION DETAILS'!$A:$Z, 10, TRUE) -> Date of Birth | M2298: =VLOOKUP(A2298, 'HOSPITALIZATION DETAILS'!$A:$Z, 6, TRUE) -> charges | N2298: =VLOOKUP(A2298, 'HOSPITALIZATION DETAILS'!$A:$Z, 7, TRUE) -> Hospital tier | O2298: =VLOOKUP(A2298, 'HOSPITALIZATION DETAILS'!$A:$Z, 8, TRUE) -> City tier | P2298: =VLOOKUP(A2298, 'HOSPITALIZATION DETAILS'!$A:$Z, 9, TRUE) -> State ID | Q2298: =VLOOKUP(A2298, 'HOSPITALIZATION DETAILS'!$A:$Z, 11,TRUE) -> Age
A2299: Id1709 | B2299: =VLOOKUP(A2299, 'Customer Names'!$A:$Z, 2, TRUE) -> Mueller, Ms. Jessica E. | C2299: =VLOOKUP(A2299, 'MEDICAL EXAMINATION'!$A:$J, 2, FALSE) -> 26.41 | D2299: =VLOOKUP(A2299, 'MEDICAL EXAMINATION'!$A:$J, 3, FALSE) -> 5.07 | E2299: =VLOOKUP(A2299, 'MEDICAL EXAMINATION'!$A:$J, 4, FALSE) -> Yes | F2299: =VLOOKUP(A2299, 'MEDICAL EXAMINATION'!$A:$J, 5, FALSE) -> No | G2299: =VLOOKUP(A2299, 'MEDICAL EXAMINATION'!$A:$J, 6, FALSE) -> No | H2299: =VLOOKUP(A2299, 'MEDICAL EXAMINATION'!$A:$J, 7, FALSE) -> 1 | I2299: =VLOOKUP(A2299, 'MEDICAL EXAMINATION'!$A:$J, 8, FALSE) -> No | J2299: =VLOOKUP(A2299, 'MEDICAL EXAMINATION'!$A:$J, 9, FALSE) -> Overweight | K2299: =VLOOKUP(A2299, 'MEDICAL EXAMINATION'!$A:$J, 10, FALSE) -> Normal | L2299: =VLOOKUP(A2299, 'HOSPITALIZATION DETAILS'!$A:$Z, 10, TRUE) -> Date of Birth | M2299: =VLOOKUP(A2299, 'HOSPITALIZATION DETAILS'!$A:$Z, 6, TRUE) -> charges | N2299: =VLOOKUP(A2299, 'HOSPITALIZATION DETAILS'!$A:$Z, 7, TRUE) -> Hospital tier | O2299: =VLOOKUP(A2299, 'HOSPITALIZATION DETAILS'!$A:$Z, 8, TRUE) -> City tier | P2299: =VLOOKUP(A2299, 'HOSPITALIZATION DETAILS'!$A:$Z, 9, TRUE) -> State ID | Q2299: =VLOOKUP(A2299, 'HOSPITALIZATION DETAILS'!$A:$Z, 11,TRUE) -> Age
A2300: Id1710 | B2300: =VLOOKUP(A2300, 'Customer Names'!$A:$Z, 2, TRUE) -> Olsen, Ms. Kristen | C2300: =VLOOKUP(A2300, 'MEDICAL EXAMINATION'!$A:$J, 2, FALSE) -> 27.6 | D2300: =VLOOKUP(A2300, 'MEDICAL EXAMINATION'!$A:$J, 3, FALSE) -> 5.33 | E2300: =VLOOKUP(A2300, 'MEDICAL EXAMINATION'!$A:$J, 4, FALSE) -> No | F2300: =VLOOKUP(A2300, 'MEDICAL EXAMINATION'!$A:$J, 5, FALSE) -> No | G2300: =VLOOKUP(A2300, 'MEDICAL EXAMINATION'!$A:$J, 6, FALSE) -> No | H2300: =VLOOKUP(A2300, 'MEDICAL EXAMINATION'!$A:$J, 7, FALSE) -> 1 | I2300: =VLOOKUP(A2300, 'MEDICAL EXAMINATION'!$A:$J, 8, FALSE) -> No | J2300: =VLOOKUP(A2300, 'MEDICAL EXAMINATION'!$A:$J, 9, FALSE) -> Overweight | K2300: =VLOOKUP(A2300, 'MEDICAL EXAMINATION'!$A:$J, 10, FALSE) -> Normal | L2300: =VLOOKUP(A2300, 'HOSPITALIZATION DETAILS'!$A:$Z, 10, TRUE) -> Date of Birth | M2300: =VLOOKUP(A2300, 'HOSPITALIZATION DETAILS'!$A:$Z, 6, TRUE) -> charges | N2300: =VLOOKUP(A2300, 'HOSPITALIZATION DETAILS'!$A:$Z, 7, TRUE) -> Hospital tier | O2300: =VLOOKUP(A2300, 'HOSPITALIZATION DETAILS'!$A:$Z, 8, TRUE) -> City tier | P2300: =VLOOKUP(A2300, 'HOSPITALIZATION DETAILS'!$A:$Z, 9, TRUE) -> State ID | Q2300: =VLOOKUP(A2300, 'HOSPITALIZATION DETAILS'!$A:$Z, 11,TRUE) -> Age
A2301: Id1734 | B2301: =VLOOKUP(A2301, 'Customer Names'!$A:$Z, 2, TRUE) -> Barnes-Zurkinden, Ms. Flo | C2301: =VLOOKUP(A2301, 'MEDICAL EXAMINATION'!$A:$J, 2, FALSE) -> 26.125 | D2301: =VLOOKUP(A2301, 'MEDICAL EXAMINATION'!$A:$J, 3, FALSE) -> 5.55 | E2301: =VLOOKUP(A2301, 'MEDICAL EXAMINATION'!$A:$J, 4, FALSE) -> No | F2301: =VLOOKUP(A2301, 'MEDICAL EXAMINATION'!$A:$J, 5, FALSE) -> No | G2301: =VLOOKUP(A2301, 'MEDICAL EXAMINATION'!$A:$J, 6, FALSE) -> No | H2301: =VLOOKUP(A2301, 'MEDICAL EXAMINATION'!$A:$J, 7, FALSE) -> 1 | I2301: =VLOOKUP(A2301, 'MEDICAL EXAMINATION'!$A:$J, 8, FALSE) -> No | J2301: =VLOOKUP(A2301, 'MEDICAL EXAMINATION'!$A:$J, 9, FALSE) -> Overweight | K2301: =VLOOKUP(A2301, 'MEDICAL EXAMINATION'!$A:$J, 10, FALSE) -> Normal | L2301: =VLOOKUP(A2301, 'HOSPITALIZATION DETAILS'!$A:$Z, 10, TRUE) -> 5-Sep-1964 | M2301: =VLOOKUP(A2301, 'HOSPITALIZATION DETAILS'!$A:$Z, 6, TRUE) -> 8268 | N2301: =VLOOKUP(A2301, 'HOSPITALIZATION DETAILS'!$A:$Z, 7, TRUE) -> tier - 3 | O2301: =VLOOKUP(A2301, 'HOSPITALIZATION DETAILS'!$A:$Z, 8, TRUE) -> tier - 3 | P2301: =VLOOKUP(A2301, 'HOSPITALIZATION DETAILS'!$A:$Z, 9, TRUE) -> R1013 | Q2301: =VLOOKUP(A2301, 'HOSPITALIZATION DETAILS'!$A:$Z, 11,TRUE) -> 58
A2302: Id1754 | B2302: =VLOOKUP(A2302, 'Customer Names'!$A:$Z, 2, TRUE) -> Scott, Mr. Jonathan C | C2302: =VLOOKUP(A2302, 'MEDICAL EXAMINATION'!$A:$J, 2, FALSE) -> 28.54 | D2302: =VLOOKUP(A2302, 'MEDICAL EXAMINATION'!$A:$J, 3, FALSE) -> 5.51 | E2302: =VLOOKUP(A2302, 'MEDICAL EXAMINATION'!$A:$J, 4, FALSE) -> No | F2302: =VLOOKUP(A2302, 'MEDICAL EXAMINATION'!$A:$J, 5, FALSE) -> No | G2302: =VLOOKUP(A2302, 'MEDICAL EXAMINATION'!$A:$J, 6, FALSE) -> Yes | H2302: =VLOOKUP(A2302, 'MEDICAL EXAMINATION'!$A:$J, 7, FALSE) -> 1 | I2302: =VLOOKUP(A2302, 'MEDICAL EXAMINATION'!$A:$J, 8, FALSE) -> No | J2302: =VLOOKUP(A2302, 'MEDICAL EXAMINATION'!$A:$J, 9, FALSE) -> Overweight | K2302: =VLOOKUP(A2302, 'MEDICAL EXAMINATION'!$A:$J, 10, FALSE) -> Normal | L2302: =VLOOKUP(A2302, 'HOSPITALIZATION DETAILS'!$A:$Z, 10, TRUE) -> 5-Sep-1964 | M2302: =VLOOKUP(A2302, 'HOSPITALIZATION DETAILS'!$A:$Z, 6, TRUE) -> 8268 | N2302: =VLOOKUP(A2302, 'HOSPITALIZATION DETAILS'!$A:$Z, 7, TRUE) -> tier - 3 | O2302: =VLOOKUP(A2302, 'HOSPITALIZATION DETAILS'!$A:$Z, 8, TRUE) -> tier - 3 | P2302: =VLOOKUP(A2302, 'HOSPITALIZATION DETAILS'!$A:$Z, 9, TRUE) -> R1013 | Q2302: =VLOOKUP(A2302, 'HOSPITALIZATION DETAILS'!$A:$Z, 11,TRUE) -> 58
A2303: Id1763 | B2303: =VLOOKUP(A2303, 'Customer Names'!$A:$Z, 2, TRUE) -> Switt, Ms. Angela H | C2303: =VLOOKUP(A2303, 'MEDICAL EXAMINATION'!$A:$J, 2, FALSE) -> 27.5 | D2303: =VLOOKUP(A2303, 'MEDICAL EXAMINATION'!$A:$J, 3, FALSE) -> 4.23 | E2303: =VLOOKUP(A2303, 'MEDICAL EXAMINATION'!$A:$J, 4, FALSE) -> Yes | F2303: =VLOOKUP(A2303, 'MEDICAL EXAMINATION'!$A:$J, 5, FALSE) -> No | G2303: =VLOOKUP(A2303, 'MEDICAL EXAMINATION'!$A:$J, 6, FALSE) -> No | H2303: =VLOOKUP(A2303, 'MEDICAL EXAMINATION'!$A:$J, 7, FALSE) -> 1 | I2303: =VLOOKUP(A2303, 'MEDICAL EXAMINATION'!$A:$J, 8, FALSE) -> No | J2303: =VLOOKUP(A2303, 'MEDICAL EXAMINATION'!$A:$J, 9, FALSE) -> Overweight | K2303: =VLOOKUP(A2303, 'MEDICAL EXAMINATION'!$A:$J, 10, FALSE) -> Normal | L2303: =VLOOKUP(A2303, 'HOSPITALIZATION DETAILS'!$A:$Z, 10, TRUE) -> 5-Sep-1964 | M2303: =VLOOKUP(A2303, 'HOSPITALIZATION DETAILS'!$A:$Z, 6, TRUE) -> 8268 | N2303: =VLOOKUP(A2303, 'HOSPITALIZATION DETAILS'!$A:$Z, 7, TRUE) -> tier - 3 | O2303: =VLOOKUP(A2303, 'HOSPITALIZATION DETAILS'!$A:$Z, 8, TRUE) -> tier - 3 | P2303: =VLOOKUP(A2303, 'HOSPITALIZATION DETAILS'!$A:$Z, 9, TRUE) -> R1013 | Q2303: =VLOOKUP(A2303, 'HOSPITALIZATION DETAILS'!$A:$Z, 11,TRUE) -> 58
A2304: Id1765 | B2304: =VLOOKUP(A2304, 'Customer Names'!$A:$Z, 2, TRUE) -> Miller, Ms. Joyce R. | C2304: =VLOOKUP(A2304, 'MEDICAL EXAMINATION'!$A:$J, 2, FALSE) -> 26.73 | D2304: =VLOOKUP(A2304, 'MEDICAL EXAMINATION'!$A:$J, 3, FALSE) -> 4.74 | E2304: =VLOOKUP(A2304, 'MEDICAL EXAMINATION'!$A:$J, 4, FALSE) -> Yes | F2304: =VLOOKUP(A2304, 'MEDICAL EXAMINATION'!$A:$J, 5, FALSE) -> No | G2304: =VLOOKUP(A2304, 'MEDICAL EXAMINATION'!$A:$J, 6, FALSE) -> No | H2304: =VLOOKUP(A2304, 'MEDICAL EXAMINATION'!$A:$J, 7, FALSE) -> 1 | I2304: =VLOOKUP(A2304, 'MEDICAL EXAMINATION'!$A:$J, 8, FALSE) -> No | J2304: =VLOOKUP(A2304, 'MEDICAL EXAMINATION'!$A:$J, 9, FALSE) -> Overweight | K2304: =VLOOKUP(A2304, 'MEDICAL EXAMINATION'!$A:$J, 10, FALSE) -> Normal | L2304: =VLOOKUP(A2304, 'HOSPITALIZATION DETAILS'!$A:$Z, 10, TRUE) -> 5-Sep-1964 | M2304: =VLOOKUP(A2304, 'HOSPITALIZATION DETAILS'!$A:$Z, 6, TRUE) -> 8268 | N2304: =VLOOKUP(A2304, 'HOSPITALIZATION DETAILS'!$A:$Z, 7, TRUE) -> tier - 3 | O2304: =VLOOKUP(A2304, 'HOSPITALIZATION DETAILS'!$A:$Z, 8, TRUE) -> tier - 3 | P2304: =VLOOKUP(A2304, 'HOSPITALIZATION DETAILS'!$A:$Z, 9, TRUE) -> R1013 | Q2304: =VLOOKUP(A2304, 'HOSPITALIZATION DETAILS'!$A:$Z, 11,TRUE) -> 58
A2305: Id1782 | B2305: =VLOOKUP(A2305, 'Customer Names'!$A:$Z, 2, TRUE) -> Haines, Mr. Douglas W | C2305: =VLOOKUP(A2305, 'MEDICAL EXAMINATION'!$A:$J, 2, FALSE) -> 26.695 | D2305: =VLOOKUP(A2305, 'MEDICAL EXAMINATION'!$A:$J, 3, FALSE) -> 4.21 | E2305: =VLOOKUP(A2305, 'MEDICAL EXAMINATION'!$A:$J, 4, FALSE) -> Yes | F2305: =VLOOKUP(A2305, 'MEDICAL EXAMINATION'!$A:$J, 5, FALSE) -> No | G2305: =VLOOKUP(A2305, 'MEDICAL EXAMINATION'!$A:$J, 6, FALSE) -> Yes | H2305: =VLOOKUP(A2305, 'MEDICAL EXAMINATION'!$A:$J, 7, FALSE) -> 1 | I2305: =VLOOKUP(A2305, 'MEDICAL EXAMINATION'!$A:$J, 8, FALSE) -> No | J2305: =VLOOKUP(A2305, 'MEDICAL EXAMINATION'!$A:$J, 9, FALSE) -> Overweight | K2305: =VLOOKUP(A2305, 'MEDICAL EXAMINATION'!$A:$J, 10, FALSE) -> Normal | L2305: =VLOOKUP(A2305, 'HOSPITALIZATION DETAILS'!$A:$Z, 10, TRUE) -> 5-Sep-1964 | M2305: =VLOOKUP(A2305, 'HOSPITALIZATION DETAILS'!$A:$Z, 6, TRUE) -> 8268 | N2305: =VLOOKUP(A2305, 'HOSPITALIZATION DETAILS'!$A:$Z, 7, TRUE) -> tier - 3 | O2305: =VLOOKUP(A2305, 'HOSPITALIZATION DETAILS'!$A:$Z, 8, TRUE) -> tier - 3 | P2305: =VLOOKUP(A2305, 'HOSPITALIZATION DETAILS'!$A:$Z, 9, TRUE) -> R1013 | Q2305: =VLOOKUP(A2305, 'HOSPITALIZATION DETAILS'!$A:$Z, 11,TRUE) -> 58
... A2336: Id2262 | B2336: =VLOOKUP(A2336, 'Customer Names'!$A:$Z, 2, TRUE) -> Woldesilassie, Mr. Daniel | C2336: =VLOOKUP(A2336, 'MEDICAL EXAMINATION'!$A:$J, 2, FALSE) -> 36.86 | D2336: =VLOOKUP(A2336, 'MEDICAL EXAMINATION'!$A:$J, 3, FALSE) -> 11.95 | E2336: =VLOOKUP(A2336, 'MEDICAL EXAMINATION'!$A:$J, 4, FALSE) -> No | F2336: =VLOOKUP(A2336, 'MEDICAL EXAMINATION'!$A:$J, 5, FALSE) -> No | G2336: =VLOOKUP(A2336, 'MEDICAL EXAMINATION'!$A:$J, 6, FALSE) -> No | H2336: =VLOOKUP(A2336, 'MEDICAL EXAMINATION'!$A:$J, 7, FALSE) -> 0 | I2336: =VLOOKUP(A2336, 'MEDICAL EXAMINATION'!$A:$J, 8, FALSE) -> No | J2336: =VLOOKUP(A2336, 'MEDICAL EXAMINATION'!$A:$J, 9, FALSE) -> Obesity | K2336: =VLOOKUP(A2336, 'MEDICAL EXAMINATION'!$A:$J, 10, FALSE) -> Diabetics | L2336: =VLOOKUP(A2336, 'HOSPITALIZATION DETAILS'!$A:$Z, 10, TRUE) -> 5-Sep-1964 | M2336: =VLOOKUP(A2336, 'HOSPITALIZATION DETAILS'!$A:$Z, 6, TRUE) -> 8268 | N2336: =VLOOKUP(A2336, 'HOSPITALIZATION DETAILS'!$A:$Z, 7, TRUE) -> tier - 3 | O2336: =VLOOKUP(A2336, 'HOSPITALIZATION DETAILS'!$A:$Z, 8, TRUE) -> tier - 3 | P2336: =VLOOKUP(A2336, 'HOSPITALIZATION DETAILS'!$A:$Z, 9, TRUE) -> R1013 | Q2336: =VLOOKUP(A2336, 'HOSPITALIZATION DETAILS'!$A:$Z, 11,TRUE) -> 58
